<?xml version="1.0" encoding="UTF-8"?>
<con:soapui-project id="03945d6c-c446-47e5-9985-2c18f24f10bf" activeEnvironment="Default" name="API Gateway" resourceRoot="" soapui-version="5.6.0" abortOnError="false" runType="SEQUENTIAL" xmlns:con="http://eviware.com/soapui/config"><con:settings/><con:interface xsi:type="con:RestService" id="9221309d-4959-4d71-bf42-6b02333ce781" wadlVersion="http://wadl.dev.java.net/2009/02" name="http://localhost:3000" type="rest" xmlns:xsi="http://www.w3.org/2001/XMLSchema-instance"><con:settings/><con:definitionCache type="TEXT" rootPart=""/><con:endpoints><con:endpoint>http://localhost:3000</con:endpoint></con:endpoints><con:resource name="" path="" id="930d311f-1577-457c-9a91-4e5edafa42e2"><con:settings/><con:parameters/><con:resource name="token" path="/api/auth/token" id="1f8f7c23-0535-4029-94d8-0e50949fb9dd"><con:settings/><con:parameters/><con:method name="Method 1" id="986c3633-3c09-4138-bffc-3774ab75c839" method="GET"><con:settings/><con:parameters/><con:representation type="RESPONSE"><con:mediaType>application/json; charset=utf-8</con:mediaType><con:status>200</con:status><con:params/><con:element xmlns:tok="http://localhost/api/auth/token">tok:Response</con:element></con:representation><con:representation type="FAULT"><con:mediaType>application/json; charset=utf-8</con:mediaType><con:status>500</con:status><con:params/><con:element xmlns:tok="http://localhost/api/auth/token">tok:Fault</con:element></con:representation><con:request name="Request 1" id="e60b7742-129b-4201-916d-450f7abb846d" mediaType="application/json"><con:settings><con:setting id="com.eviware.soapui.impl.wsdl.WsdlRequest@request-headers">&lt;entry key="x-access-token" value="eyJhbGciOiJIUzI1NiIsInR5cCI6IkpXVCJ9.eyJpZCI6IjVmY2VjOWE1Y2M1NjkwNWYzZTM3N2I1ZiIsImlhdCI6MTYwNzM4NzU1NywiZXhwIjoxNjA3NDczOTU3fQ.ESNN7afVkR9Ytme3wWZWC-FVf-MHPepqP8Km2vRDYfU" xmlns="http://eviware.com/soapui/config"/></con:setting></con:settings><con:endpoint>http://localhost:3000</con:endpoint><con:request/><con:originalUri>http://localhost/api/auth/token</con:originalUri><con:credentials><con:authType>No Authorization</con:authType></con:credentials><con:jmsConfig JMSDeliveryMode="PERSISTENT"/><con:jmsPropertyConfig/><con:parameters/><con:parameterOrder/></con:request></con:method></con:resource><con:resource name="register" path="/api/auth/register" id="c0e3105a-29ed-48c4-b9c3-71916bafee3b"><con:settings/><con:parameters/><con:method name="Method 1" id="4b531331-3c57-4737-83b9-cd801c1472bb" method="POST"><con:settings/><con:parameters/><con:representation type="RESPONSE"><con:mediaType>application/json; charset=utf-8</con:mediaType><con:status>200</con:status><con:params/><con:element xmlns:reg="http://localhost/api/auth/register">reg:Response</con:element></con:representation><con:representation type="REQUEST"><con:mediaType>application/x-www-form-urlencoded</con:mediaType><con:params/></con:representation><con:request name="Request 1" id="fa178de0-8ab7-462c-8fdc-de851e671ea1" mediaType="application/x-www-form-urlencoded" postQueryString="false"><con:settings><con:setting id="com.eviware.soapui.impl.wsdl.WsdlRequest@request-headers">&lt;xml-fragment/></con:setting></con:settings><con:endpoint>http://localhost:3000</con:endpoint><con:request>grant_type=password&amp;username=test&amp;password=password&amp;email=devan.wong@yahoo.com</con:request><con:originalUri>http://localhost/api/auth/register</con:originalUri><con:credentials><con:authType>No Authorization</con:authType></con:credentials><con:jmsConfig JMSDeliveryMode="PERSISTENT"/><con:jmsPropertyConfig/><con:parameters/></con:request></con:method></con:resource><con:resource name="logout" path="/api/auth/logout" id="f8d7314f-edc5-4556-b1ed-2ba491b92c6b"><con:settings/><con:parameters/><con:method name="Method 1" id="17745da6-5eef-41fe-9a12-5eb9c757f0e3" method="GET"><con:settings/><con:parameters/><con:representation type="FAULT"><con:mediaType>text/html; charset=utf-8</con:mediaType><con:status>404</con:status><con:params/><con:element>html</con:element></con:representation><con:representation type="RESPONSE"><con:mediaType>application/json; charset=utf-8</con:mediaType><con:status>200</con:status><con:params/><con:element xmlns:log="http://localhost/api/auth/logout">log:Response</con:element></con:representation><con:request name="Request 1" id="115ce4f5-f55c-4a0c-935f-64edebe93bba" mediaType="application/json"><con:settings><con:setting id="com.eviware.soapui.impl.wsdl.WsdlRequest@request-headers">&lt;xml-fragment/></con:setting></con:settings><con:endpoint>http://localhost:3000</con:endpoint><con:request/><con:originalUri>http://localhost/api/auth/logout</con:originalUri><con:credentials><con:authType>No Authorization</con:authType></con:credentials><con:jmsConfig JMSDeliveryMode="PERSISTENT"/><con:jmsPropertyConfig/><con:parameters/></con:request></con:method></con:resource><con:resource name="login" path="/api/auth/login" id="ebfec1e9-aae3-4913-80f0-bb2a480f68b9"><con:settings/><con:parameters/><con:method name="Method 1" id="e278130a-8914-4ada-87d0-19df6c10de98" method="POST"><con:settings/><con:parameters/><con:representation type="RESPONSE"><con:mediaType>application/json; charset=utf-8</con:mediaType><con:status>200</con:status><con:params/><con:element xmlns:log="http://localhost/api/auth/login">log:Response</con:element></con:representation><con:representation type="REQUEST"><con:mediaType>application/x-www-form-urlencoded</con:mediaType><con:params/></con:representation><con:request name="Request 1" id="dee21912-a1d1-44f6-b9ab-ee67113e404a" mediaType="application/x-www-form-urlencoded" postQueryString="false"><con:settings><con:setting id="com.eviware.soapui.impl.wsdl.WsdlRequest@request-headers">&lt;xml-fragment/></con:setting></con:settings><con:endpoint>http://localhost:3000</con:endpoint><con:request>grant_type=password&amp;username=test&amp;password=password&amp;email=devan.wong@yahoo.com</con:request><con:originalUri>http://localhost/api/auth/login</con:originalUri><con:credentials><con:authType>No Authorization</con:authType></con:credentials><con:jmsConfig JMSDeliveryMode="PERSISTENT"/><con:jmsPropertyConfig/><con:parameters/></con:request></con:method></con:resource></con:resource></con:interface><con:properties/><con:wssContainer/><con:oAuth2ProfileContainer/><con:oAuth1ProfileContainer/><con:sensitiveInformation/></con:soapui-project>